name,outlet_2021,outlet_current,email_public,twitter_x,gme_amc_coverage_2021,recent_relevant_coverage,fit_notes_confidence
"Matt Levine","Bloomberg Opinion (Money Stuff)","Bloomberg Opinion (Money Stuff) — unchanged","mlevine51@bloomberg.net (printed in every Money Stuff footer)","@matt_levine","Definitive GME commentary: 'The Game Never Stops' + weeks of Money Stuff columns on the squeeze, Robinhood halt, payment for order flow","Daily newsletter still dominates finance commentary; frequently covers AI trading, prediction markets, retail-investor structures","TOP TARGET. Loves quirky market-structure products; a pay-to-copy verified-performance leaderboard with AI traders is prime Money Stuff material. HIGH confidence on all fields"
"Luke Kawa","Bloomberg (cross-asset; earliest mainstream WSB chronicler, profiled WSB in 2020 pre-squeeze)","Sherwood News — Head of Markets (via UBS in between)","not public (tips@sherwood.news)","@LJKawa","One of the first to cover WallStreetBets at Bloomberg; went on Odd Lots 2024 as THE memestock explainer for Memestock Mania 2.0","Runs markets coverage at Sherwood (Robinhood's media arm) — retail-trader culture is their core beat","TOP TARGET. Sherwood exists to cover exactly your audience. VERIFIED current role via sherwood.news/author/luke-kawa"
"Matt Phillips","New York Times ('Dumb Money Is on GameStop and It's Beating Wall Street at Its Own Game', co-byline w/ Taylor Lorenz)","Sherwood News — markets (via Axios in between)","not public (tips@sherwood.news)","@MatthewPhillips","Wrote the canonical NYT GME pieces incl. '4 Things to Know About the GameStop Insanity' and Robinhood-halt coverage","Sherwood 1/2/26: 'Retail traders' favorite stocks best the market for third straight year' — literally your thesis","TOP TARGET. His Jan 2026 piece argues retail picks can win — ApesTogether is the proof mechanism. VERIFIED current byline"
"Gunjan Banerji","WSJ (lead reporter on retail options/meme-stock mania)","WSJ — unchanged","gunjan.banerji@wsj.com (WSJ footer convention, printed on articles)","@GunjanJS","Wall-to-wall GME options coverage; the definitive reporting on retail YOLO options culture","Still owns the retail-trader beat: 0DTE options boom, gamblification of markets, Roaring Kitty 2024 return","TOP TARGET. Your 'prove it, get paid' framing directly feeds her beat. HIGH confidence"
"Brandon Kochkodin","Bloomberg (wrote THE seminal piece: 'How WallStreetBets Pushed GameStop Shares to the Moon', Jan 25 2021)","Forbes — markets/finance reporter (since Oct 2022)","not public","@BKochkodin (verify before use)","The single most-cited article of the entire saga (cited in the Wikipedia GameStop short squeeze entry)","Forbes: meme-stock postmortems ('The wild saga of the meme stock that left thousands with nothing'), AI-bubble analysis, market oddities","STRONG TARGET. Loves data-forward oddball market stories. VERIFIED at Forbes via LinkedIn/author page"
"Spencer Jakab","WSJ (Heard on the Street editor)","WSJ — unchanged","spencer.jakab@wsj.com (WSJ footer convention)","@Spencerjakab","Wrote the BOOK on it: 'The Revolution That Wasn't: GameStop, Reddit, and the Fleecing of Small Investors'; 'Who Really Got Rich From the GameStop Revolution?'","Ongoing WSJ markets commentary; skeptical-of-retail-hype angle","STRONG TARGET but expect skepticism — his thesis is retail loses. Verified-performance angle is your counter-pitch. HIGH confidence"
"Jason Zweig","WSJ (Intelligent Investor column)","WSJ — unchanged","intelligentinvestor@wsj.com (public column mailbox)","@jasonzweigwsj","'The Real Force Driving the GameStop Revolution' — decades-in-the-making structural take","Evergreen retail-investor-protection columnist","MEDIUM fit — investor-protection lens; paper-trading angle defuses his usual objection. HIGH confidence"
"Alexandra Scaggs","Barron's then FT Alphaville (meme-stock and market-structure coverage)","The Hedge (own Substack, theehedge.substack.com) + contributing writer FT Alphaville","via Substack contact","@alexandrascaggs (verify before use)","FTAV/Barron's meme-stock mechanics coverage","Independent newsletter on money/economics + FTAV posts","MEDIUM. Indie newsletter = easier access than FT proper. VERIFIED current status via her Substack about page"
"Robin Wigglesworth","FT Alphaville (editor)","FT Alphaville — unchanged","robin.wigglesworth@ft.com (FT convention, printed on FTAV)","@RobinWigg","FTAV's GME coverage ran throughout the saga; wrote 'Trillions' (index-fund history)","Runs FTAV; loves market-structure oddities and quant/retail culture","STRONG for a wonky market-structure angle on TWR/verified returns. HIGH confidence"
"Madison Darbyshire","FT (retail investing/asset management; GME retail coverage)","Bloomberg Weekend — senior writer (since Feb 2025)","mdarbyshire@bloomberg.net (shown on Bloomberg Tax author page)","@MADarbyshire (verify before use)","FT's retail-investor coverage during the squeeze; gambling/trading crossover features","Bloomberg Weekend features — sweeping money-culture pieces","STRONG feature-length target ('the app where AI and humans compete on receipts'). VERIFIED move via Talking Biz News + LinkedIn"
"Jen Wieczner","Fortune (wrote Fortune's GameStop revolution cover story)","New York Magazine / Intelligencer (Wall Street editor) — VERIFY, not reconfirmed","not public","@jenwieczner","Fortune cover on the GameStop revolution; Robinhood/retail features","NY Mag finance features (crypto, FTX, Wall Street culture)","MEDIUM-STRONG. Long-form finance-culture features. LOW confidence on current title — verify before outreach"
"Kevin T. Dugan","Fortune/NY Post then NY Mag","New York Magazine / Intelligencer — business columnist","not public","@kevintdugan","Meme-stock era aftermath coverage","Intelligencer money column; covers markets, AI-money crossover","MEDIUM. NYC-based — candidate for in-person angle. MEDIUM confidence"
"Emily Stewart","Vox ('How a bunch of Redditors made GameStop's stock soar', regulation explainers)","Business Insider — senior correspondent, Discourse team","not public","@EmilyStewartM","Vox's GME explainer franchise; 'should regulators stop them?' pieces","BI: consumerism/economy/culture features incl. sports betting and gamblification","STRONG. Gamblification-of-everything beat = your cultural frame. VERIFIED at BI via author page"
"Elizabeth Lopatto","The Verge ('How r/WallStreetBets gamed the stock market'; Robinhood coverage)","The Verge — deputy editor","not public (Verge tips public)","@mslopatto","The Verge's definitive internet-native GME explainer, cited widely","Covers crypto, Musk, AI, internet-money culture","STRONG for the edgy/internet-culture angle (shirts stunt, AI traders). HIGH confidence"
"Taylor Lorenz","NYT (co-byline on 'Dumb Money' piece; internet-culture lens)","Independent — User Mag (Substack); ex-WaPo","via User Mag contact","@TaylorLorenz","Co-wrote the canonical NYT GME piece; covered WSB as internet culture","Creator-economy and internet-culture coverage incl. AI","MEDIUM. Creator-monetization angle ('get paid for picks, no content grind') is her lane. MEDIUM confidence on current outlet"
"Yun Li","CNBC (dozens of GME/AMC/short-interest stories)","CNBC — unchanged","not public","@YunLi626","Daily meme-stock market coverage through the whole saga","Still covers markets incl. meme-stock revivals and Buffett beat","MEDIUM. Fast-turn market stories; good for launch-day coverage. HIGH confidence"
"Kate Rooney","CNBC (Robinhood/retail-trading/fintech beat)","CNBC — tech correspondent (fintech/AI/venture)","not public","@Kr00ney","Robinhood outage/halt coverage; retail-trading boom reporting","Now covers AI + fintech startups — your exact intersection","STRONG. Fintech-startup-with-AI-traders is squarely her current beat. MEDIUM-HIGH confidence"
"Bob Pisani","CNBC (senior markets correspondent)","CNBC — unchanged","not public","@BobPisani","Market-structure explainers on the squeeze/halts","ETF/market-structure commentary; wrote memoir 'Shut Up and Keep Talking'","LOW-MEDIUM. TV-first; long shot but NYSE-floor adjacent to your FiDi location. HIGH confidence"
"Michelle Celarier","Institutional Investor (Melvin/Plotkin vs Reddit coverage)","Institutional Investor / freelance (NY Mag, others)","not public","@mcelarier","Definitive hedge-fund-side coverage: Melvin Capital's destruction, short-seller siege","Short-sellers, hedge-fund drama, market skulduggery","MEDIUM. Hedge-fund-vs-retail framing; 'beat the pros on receipts' pitch. MEDIUM confidence"
"Juliet Chung","WSJ (Melvin Capital loss scoops)","WSJ — VERIFY current beat","juliet.chung@wsj.com (WSJ footer convention)","not confirmed","Broke Melvin's 53% January loss with Gregory Zuckerman","Hedge funds/finance investigations","LOW-MEDIUM. Institutional lens. MEDIUM confidence"
"Akane Otani","WSJ markets (meme-stock coverage)","The Economist (moved ~2024) — VERIFY","not public","@akaneotani","WSJ meme-stock and retail-trading coverage","Markets/economics at The Economist (unbylined format = harder target)","LOW-MEDIUM. Economist format limits bylined features. LOW confidence on current role — verify"
"Caitlin McCabe","WSJ (retail-investor beat during GME)","WSJ (London/markets) — VERIFY","caitlin.mccabe@wsj.com (WSJ footer convention)","@caitlin_mccabe (verify before use)","Retail-investor features during the squeeze","General markets","LOW-MEDIUM. MEDIUM confidence"
"Tracy Alloway","Bloomberg (Odd Lots co-host + markets columnist)","Bloomberg Odd Lots — unchanged","not public","@tracyalloway","Odd Lots ran the smartest GME episodes (market structure, PFOF, short squeezes)","Odd Lots newsletter + podcast; loves market-structure oddities and finance-culture guests","STRONG (podcast angle): pitch the founder as an Odd Lots-style guest story — solo dev + AI trader fleet + TWR methodology. HIGH confidence"
"Joe Weisenthal","Bloomberg (Odd Lots co-host)","Bloomberg Odd Lots — unchanged","jweisenthal@bloomberg.net (has appeared publicly; verify)","@TheStalwart","Odd Lots GME coverage; most influential finance-Twitter voice on retail mania","Daily markets commentary; AI-and-markets crossover episodes","STRONG (podcast + X amplification). HIGH confidence"
"Katherine Greifeld","Bloomberg (ETFs/markets; meme-ETF coverage)","Bloomberg TV — VERIFY","not public","@kgreifeld","Meme-stock ETF and flows coverage","Markets TV/writing","LOW-MEDIUM. MEDIUM confidence"
"Claire Ballentine","Bloomberg (personal finance/retail investors)","Bloomberg — VERIFY","not public","@claire_ballentine (verify before use)","Retail-investor features during meme mania","Personal-finance/retail-money features","LOW-MEDIUM. MEDIUM confidence"
"Vildana Hajric","Bloomberg (markets/meme stocks)","Bloomberg — VERIFY","not public","@VildanaHajric","Meme-stock market coverage","Markets/crypto coverage","LOW-MEDIUM. MEDIUM confidence"
"Misyrlena Egkolfopoulou","Bloomberg (retail-trader culture features)","Bloomberg — VERIFY","not public","not confirmed","Deep features on WSB retail traders' lives/culture","Features","LOW-MEDIUM. LOW confidence — verify"
"Matt Egan","CNN Business (daily GME coverage)","CNN Business — unchanged","not public","@MattEganCNN","GME/AMC/Robinhood daily coverage","Markets, AI-economy stories","MEDIUM. Mainstream reach. HIGH confidence"
"Nathaniel Popper","NYT (Robinhood/GameStop coverage)","Author — 'The Trolls of Wall Street' (2024 book on WSB); left NYT 2021","not public","@nathanielpopper","NYT Robinhood/GME coverage","2024 book is the definitive WSB history — still takes finance-culture interviews/features","MEDIUM. Book-author lens; may freelance a feature or advise on who's covering the space now. MEDIUM confidence"
"Ben Mezrich","Author ('The Antisocial Network' — became the 'Dumb Money' film)","Author — unchanged","via agent (public)","@benmezrich","Wrote the book Hollywood adapted; the mainstream-culture GME storyteller","Serial dramatizer of finance/tech sagas","LONG SHOT but cheap to try — he engages on X with finance stunts; Money Bike / shirts stunts are his aesthetic. HIGH confidence"
"Jason Koebler","VICE Motherboard (WSB/Robinhood outage + platform coverage)","404 Media — co-founder","jason@404media.co (published on site)","@jason_koebler","Motherboard's Robinhood/WSB platform-mechanics coverage","404 Media is THE outlet for AI-platform accountability stories — heavy AI coverage","MEDIUM-STRONG for the AI-traders angle specifically (transparent AI participation, humans-vs-AI leaderboard). HIGH confidence"
"Alex Kirshner","Slate (GameStop explainers/features)","Slate — contributor","not public","@alex_kirshner","GME features for Slate","Business/sports-business features","LOW-MEDIUM. MEDIUM confidence"
